FarmerID,FarmerName,FarmerPhone,FarmerAddress
1,Michaela,239-849-7820,13th Floor
2,Francklyn,164-997-7284,PO Box 59865
3,Boot,427-585-2903,13th Floor
4,Rollo,130-414-0749,Apt 1189
5,Randall,657-134-5783,PO Box 45379
6,Gustavus,572-140-0791,PO Box 2150
7,Jedediah,668-669-4163,Apt 1273
8,Garvey,224-113-0772,Suite 61
9,Nadean,190-136-4515,15th Floor
10,Arabel,234-864-5979,Apt 718
11,Jaye,483-553-8592,Suite 1
12,Ferdinande,281-366-7423,PO Box 16876
13,Raffaello,311-813-4874,PO Box 77290
14,Frederick,663-174-4163,Suite 77
15,Cyrill,195-650-8548,10th Floor
16,Caryl,550-219-7639,Suite 99
17,Shaw,798-273-5715,Suite 4
18,Morgan,510-200-0940,PO Box 57083
19,Tull,915-307-0559,Room 1009
20,Sayre,596-824-0872,Suite 56
21,Antoni,829-424-0763,Room 1460
22,Jaimie,785-905-7626,PO Box 82222
23,Sonja,415-191-8554,Suite 75
24,Clemente,660-806-2907,Suite 40
25,Tracie,631-867-5776,Apt 1488
26,Alissa,783-562-8139,Room 1030
27,Tallia,532-882-8472,Apt 540
28,Fred,972-780-8276,PO Box 97240
29,May,809-363-3083,6th Floor
30,Nanci,420-685-0469,Apt 1744
31,Amanda,768-152-9119,Room 1994
32,Brendis,996-789-0128,Suite 48
33,Rochette,569-882-2457,Suite 4
34,Yale,824-131-1605,Suite 15
35,Olivero,911-593-9768,Suite 3
36,Bail,500-786-3482,Suite 14
37,Cheston,637-110-3170,Apt 1296
38,Woodrow,803-720-9916,Suite 55
39,Flore,613-599-6572,PO Box 54499
40,Dorelia,202-822-8459,Apt 1925
41,Levi,829-330-0698,PO Box 76430
42,Horatio,834-592-0741,Suite 22
43,Konstantine,939-953-9281,Apt 195
44,Gerrilee,948-195-2961,16th Floor
45,Farica,489-858-2139,PO Box 40473
46,Auguste,675-809-2316,8th Floor
47,Fawne,475-812-2744,Apt 1588
48,Mallory,305-285-3494,Suite 47
49,Valentia,168-112-2001,Suite 62
50,Zoe,410-196-7406,Suite 81
51,Arlette,206-911-5312,Apt 205
52,Mirelle,858-318-5120,Room 1677
53,Leanora,904-539-9550,13th Floor
54,Erinna,595-824-5762,Room 472
55,Kristofer,225-570-7549,Room 535
56,Brice,504-344-6545,Apt 470
57,Tonie,933-784-1385,Suite 42
58,Mercie,416-184-9148,Apt 778
59,Janka,207-500-1325,Room 92
60,Myrta,669-201-1274,Apt 1752
61,Robyn,187-388-8449,Suite 86
62,Dorella,129-612-1575,Room 827
63,Sondra,359-137-4422,Room 966
64,Carlos,126-503-3573,17th Floor
65,Lorita,651-837-7143,Apt 1378
66,Rudyard,934-351-8329,PO Box 53410
67,Constantine,886-873-6937,4th Floor
68,Hinze,482-283-3866,PO Box 46864
69,Tomasine,971-768-1097,Room 1280
70,Shaine,608-627-7890,Suite 44
71,Andris,465-552-0018,Suite 75
72,Vivianne,516-577-1559,10th Floor
73,Benton,540-938-1192,Room 588
74,Christabella,413-850-2911,Suite 78
75,Stefania,345-337-9035,Apt 64
76,Gibb,251-892-4729,Apt 1837
77,Em,431-988-5715,PO Box 99184
78,Ermina,875-153-5783,Suite 10
79,Shawn,432-245-3263,Room 1091
80,Maurice,984-564-6837,Apt 92
81,Tiffanie,783-255-3249,Suite 27
82,Parrnell,836-389-9285,4th Floor
83,Gibby,612-922-3223,Apt 1220
84,Leonerd,656-592-8629,Room 565
85,Ilysa,798-121-5495,Room 1686
86,Starlin,483-959-9107,Room 1800
87,Chrotoem,574-420-9000,Apt 1381
88,Gabie,125-547-8737,14th Floor
89,Andy,516-808-9050,Suite 17
90,Reese,527-266-5327,Room 869
91,Odessa,691-650-8982,Apt 321
92,Cymbre,926-735-5749,PO Box 49501
93,Ado,437-921-3703,Apt 1415
94,Becca,357-763-0203,Suite 21
95,Hirsch,441-416-8470,Suite 59
96,Clarke,279-259-4694,PO Box 92599
97,Vicki,281-457-1015,13th Floor
98,Jesse,537-669-9470,Apt 1902
99,Eugenius,308-804-9314,8th Floor
100,Alyssa,540-624-6959,Suite 23
101,Sam,106-244-1300,Apt 1859
102,Martyn,666-190-9768,Apt 1139
103,Jesse,217-470-7243,Suite 16
104,Angel,157-335-1151,PO Box 85371
105,Sarita,512-751-2615,Room 1774
106,Chelsy,255-786-5423,Room 1373
107,Codie,291-682-8111,17th Floor
108,Gun,916-997-5953,Room 1465
109,Nichol,537-186-2304,Suite 28
110,Thaddus,812-200-1413,17th Floor
111,Lira,627-319-1627,Room 1470
112,Brody,529-321-0413,Apt 340
113,Teri,800-799-5456,6th Floor
114,Leonard,794-215-3860,2nd Floor
115,Heddie,833-475-2222,Room 618
116,Josias,945-943-5632,4th Floor
117,Ilaire,643-614-5617,11th Floor
118,Gunar,255-712-4309,19th Floor
119,Arline,683-977-5889,Suite 16
120,Maximilian,975-930-0551,1st Floor
121,Franny,317-956-8248,PO Box 7744
122,Lara,379-807-2975,Apt 944
123,Blinny,391-974-3208,Suite 78
124,Ripley,465-583-6605,Suite 51
125,Carlynn,153-443-2812,1st Floor
126,Missy,365-247-9943,15th Floor
127,Cayla,897-155-2531,PO Box 96463
128,Noland,914-930-7357,Room 1962
129,Sabina,696-375-4753,Suite 79
130,Tim,252-979-2041,Room 476
131,Conrade,303-692-0957,Suite 98
132,Vinnie,432-593-0916,Suite 80
133,Marsha,390-633-6705,Suite 69
134,Andee,935-599-8660,PO Box 58501
135,Marlow,757-327-5204,Room 820
136,Bobette,354-996-2700,PO Box 73671
137,Kent,362-470-8975,Room 1020
138,Stesha,762-321-1280,Apt 6
139,Andrea,298-339-8854,PO Box 57276
140,Rich,984-404-2285,Apt 1540
141,Atalanta,776-816-6341,PO Box 52005
142,Mar,711-305-2624,Room 1521
143,Katheryn,635-669-0565,Suite 72
144,Justinian,814-926-9153,Room 221
145,Natalina,772-868-5011,Apt 1460
146,Walther,954-660-5714,PO Box 65319
147,Nara,415-132-5066,PO Box 515
148,Nolly,729-383-7475,Room 1001
149,Roslyn,319-266-5678,Apt 88
150,Leslie,107-777-6621,16th Floor
151,Herschel,640-681-7781,Room 1468
152,Samuele,622-824-9677,20th Floor
153,Rollie,384-832-2834,Suite 73
154,Marcy,926-313-3718,Room 1713
155,Raeann,389-363-1332,Room 160
156,Blaire,938-634-5756,Apt 361
157,Patrizia,687-861-7071,PO Box 24724
158,Carling,291-770-8317,Room 766
159,Patricio,567-185-8831,Suite 38
160,Cointon,768-179-5928,Apt 806
161,Klarika,312-231-0880,PO Box 70163
162,Philis,161-538-4301,PO Box 9718
163,Edmund,466-638-7261,Suite 32
164,Kristal,884-640-9425,Apt 843
165,Suzanna,254-652-5172,Room 1436
166,Ayn,918-682-6067,PO Box 13589
167,Kassie,655-280-6432,Apt 248
168,Sheff,463-283-6088,PO Box 20126
169,Cahra,847-222-6484,20th Floor
170,Franny,807-850-2994,Suite 69
171,Ricky,987-876-6613,PO Box 85694
172,Esther,882-937-3113,PO Box 66062
173,Joelynn,377-883-4901,Room 1249
174,Ame,999-367-5073,Suite 87
175,Janette,681-139-8032,Suite 10
176,Jenifer,298-907-2618,2nd Floor
177,Rycca,173-244-5124,Suite 84
178,Maryanna,747-787-5607,Room 1889
179,Andra,487-368-2245,Apt 1082
180,Lorne,441-787-7805,11th Floor
181,Constantina,625-427-6261,Room 1549
182,Dell,688-459-2456,Suite 80
183,Rutger,449-112-1268,Apt 1370
184,Valentine,441-831-3990,Suite 36
185,Lauritz,797-409-2692,Suite 36
186,Olwen,800-163-2773,PO Box 27210
187,Hunter,610-129-7614,PO Box 68748
188,Bertine,630-990-0943,Apt 1936
189,Catha,849-485-3334,PO Box 51020
190,Jess,923-469-4131,11th Floor
191,Granville,995-373-1749,Apt 141
192,Tatiania,117-725-1935,8th Floor
193,Sherm,599-459-5630,18th Floor
194,Lynna,446-529-4082,PO Box 80894
195,Lyle,569-742-0840,Apt 621
196,Bradley,908-616-9494,Apt 70
197,Frankie,651-757-0518,PO Box 51263
198,Ann-marie,593-824-2698,Room 1274
199,Lona,513-776-8459,Apt 1237
200,Ebonee,908-371-7183,Apt 1762
201,Keslie,644-789-5964,PO Box 99737
202,Vernon,142-680-0181,8th Floor
203,Emelen,209-914-0413,Room 1221
204,Lelia,741-509-9426,Suite 85
205,Zollie,419-453-3095,Room 1392
206,Johannes,459-949-4425,Room 2
207,Mickie,677-164-5859,6th Floor
208,Caddric,934-687-2545,Suite 98
209,Johnny,518-562-9983,PO Box 43892
210,Lianne,978-358-1149,Suite 61
211,Edgardo,303-486-7789,PO Box 97592
212,Matt,162-965-9332,11th Floor
213,Wendel,962-599-8364,PO Box 62973
214,Rex,697-425-9992,Suite 42
215,Aurelea,534-190-8177,18th Floor
216,Illa,693-891-5365,4th Floor
217,Torey,537-640-4956,Apt 1467
218,Cobby,615-233-6740,Suite 71
219,Base,527-273-1812,Suite 44
220,Ortensia,741-464-8878,Room 1138
221,Morgan,323-697-5200,PO Box 97480
222,Sacha,820-594-4620,Room 1276
223,Lawry,742-454-1493,Room 1628
224,Son,737-745-4582,Room 1155
225,Eloise,775-769-6541,Room 66
226,Margret,134-814-0596,16th Floor
227,Rodina,629-208-5832,12th Floor
228,Isabeau,449-953-5653,Suite 58
229,Lind,559-557-8950,3rd Floor
230,Kellen,943-187-6758,12th Floor
231,Margaretha,710-844-9812,PO Box 36543
232,Gard,406-915-1021,Room 1296
233,Rodrigo,758-154-9991,Room 1050
234,Aurelie,539-252-3841,Room 58
235,Linc,396-624-3927,PO Box 46824
236,Betsey,871-327-7279,Room 1507
237,Casie,406-897-8785,Room 303
238,Lila,454-786-6488,Room 469
239,Slade,161-329-8505,Room 826
240,Kearney,655-343-4300,Apt 811
241,Fina,489-621-1978,Room 1029
242,Isabeau,885-586-7963,PO Box 59602
243,Natalya,638-198-5736,11th Floor
244,Lynde,229-445-6308,PO Box 73401
245,Fancie,609-969-3464,PO Box 63352
246,Boonie,765-291-4868,4th Floor
247,Caroljean,835-973-5126,Suite 53
248,Auroora,226-895-1120,PO Box 41123
249,Griff,159-257-1034,Apt 850
250,Shina,226-934-8611,Apt 1925
251,Wileen,695-272-6073,Apt 1770
252,Lolly,976-647-4016,15th Floor
253,Ethelind,675-727-5827,Room 282
254,Petey,999-697-1301,17th Floor
255,Morganica,668-375-3394,10th Floor
256,Kym,775-983-4735,Apt 1355
257,Kellsie,185-207-1874,Room 1820
258,Henka,226-499-4752,5th Floor
259,Rosamond,235-346-1968,PO Box 71566
260,Tod,733-346-1084,Apt 608
261,Julie,946-188-7056,Suite 3
262,Chrystal,258-639-8258,Suite 53
263,Rustin,903-610-2332,PO Box 85095
264,Molli,582-639-1055,Suite 34
265,Zorana,182-205-0061,10th Floor
266,Nicholle,254-745-3510,Room 1046
267,Thor,993-558-8797,Apt 1893
268,Georg,598-650-1223,Room 166
269,Dorri,223-932-4002,6th Floor
270,Ann,282-513-8948,Apt 1746
271,Sydney,468-665-2019,Room 1948
272,Kitty,776-362-1781,Suite 47
273,Bess,883-205-9948,13th Floor
274,Leola,248-358-6108,Suite 52
275,Kim,565-600-2391,Room 1642
276,Chlo,376-424-5242,Apt 1933
277,Tess,909-807-9226,18th Floor
278,Tisha,428-203-2693,PO Box 26007
279,Sholom,148-909-9644,PO Box 33718
280,Dexter,910-110-5289,PO Box 86198
281,Angelico,166-652-7171,Apt 890
282,Pierette,896-222-8453,Room 1176
283,Lucia,980-242-1739,Suite 91
284,Zarah,626-700-4050,Apt 747
285,Mona,158-259-3504,PO Box 66449
286,Julia,158-761-9403,Suite 15
287,Cornie,116-149-1819,Suite 39
288,Ozzie,906-370-6866,2nd Floor
289,Eudora,836-528-5341,Room 852
290,Shelba,473-380-1757,Apt 930
291,Julissa,496-597-0160,1st Floor
292,Doreen,902-889-2861,10th Floor
293,Alida,875-487-4803,18th Floor
294,Alejandrina,911-649-6374,Suite 73
295,Field,475-887-4546,PO Box 32618
296,Perice,768-828-8822,Suite 95
297,Zonda,273-703-6620,Room 1821
298,Archer,928-879-8502,PO Box 80451
299,Trace,849-773-9837,Suite 98
300,Alphonse,525-477-9249,Room 371
301,Jessee,638-209-2462,PO Box 80243
302,Paulina,689-245-7068,PO Box 67371
303,Silva,632-647-3985,Room 1965
304,Haydon,308-681-1118,Room 1926
305,Madelena,921-834-8400,4th Floor
306,Bill,175-444-4667,Room 673
307,Katya,949-515-6212,Apt 402
308,Kirstin,260-839-7836,PO Box 34073
309,Ewell,223-631-8682,Suite 13
310,Meryl,705-435-9455,10th Floor
311,Coreen,126-786-6470,10th Floor
312,Joela,204-591-8287,4th Floor
313,Charmian,913-854-8760,10th Floor
314,Ossie,858-842-2006,Room 1128
315,Elyssa,859-943-2196,Room 1504
316,Margarette,744-943-0584,PO Box 92250
317,Benji,788-712-8474,Suite 20
318,Debra,991-817-6799,Apt 654
319,Kennie,534-343-2209,4th Floor
320,Henrik,556-620-8810,Apt 1263
321,Damaris,577-855-5755,4th Floor
322,Eartha,399-409-8958,12th Floor
323,Hobart,129-903-9823,Room 237
324,Thorpe,134-536-3205,Apt 1095
325,Murvyn,154-367-9421,PO Box 58905
326,Sissy,150-929-8123,Suite 21
327,Emmie,952-980-1981,Apt 739
328,Karim,622-929-7346,Apt 1500
329,Wilona,312-624-8866,Room 1888
330,Lester,206-297-7858,Suite 25
331,Elinor,564-967-7377,Room 1513
332,Ricky,-849-4689,Room 934
333,Malcolm,185-606-8575,Suite 8
334,Marni,674-434-2717,Room 1903
335,Queenie,815-804-2404,8th Floor
336,Noemi,429-327-1906,Suite 38
337,Jeannine,763-726-9423,Suite 41
338,Madelina,944-636-6384,Apt 1691
339,Brittni,808-689-3078,9th Floor
340,Opaline,852-363-3550,Suite 71
341,Trenton,128-567-9660,Room 797
342,Krystyna,977-849-3562,18th Floor
343,Winfred,876-694-6748,1st Floor
344,Sutherland,540-782-3394,14th Floor
345,Timmi,475-907-8110,9th Floor
346,Muire,983-759-9594,Suite 47
347,Natalee,738-578-4569,8th Floor
348,Frasco,345-777-0823,PO Box 12793
349,Jessamine,192-331-5238,PO Box 71955
350,Cristian,830-346-2764,Suite 100
351,Bathsheba,573-899-1859,Room 1042
352,Josey,289-165-5372,PO Box 87329
353,Humfried,342-129-9858,Suite 34
354,Aubry,610-552-7002,Room 1477
355,Melba,714-782-6555,2nd Floor
356,Cooper,147-695-4553,Suite 47
357,Jayme,348-713-2519,PO Box 13932
358,Floris,282-751-6798,Suite 64
359,Georg,310-355-2933,Room 1479
360,Amargo,791-235-0015,16th Floor
361,Ermanno,348-124-9043,PO Box 44508
362,Kassia,762-250-1646,PO Box 84735
363,Evangeline,917-888-6817,3rd Floor
364,Avigdor,958-109-1520,15th Floor
365,Amby,714-993-9054,Room 1104
366,Daffy,832-766-6096,Apt 1023
367,Shane,135-473-3351,Room 972
368,Calhoun,360-476-5408,Suite 39
369,Lance,861-428-9953,Room 1627
370,Novelia,217-908-9631,Room 1981
371,Delphinia,559-776-5287,Room 491
372,Chlo,659-331-3633,Apt 561
373,Ahmed,207-295-8479,20th Floor
374,Lezley,989-922-4465,Suite 48
375,Pasquale,928-447-4465,Apt 1579
376,Stefano,853-929-1983,Apt 1909
377,Rafaelita,545-430-5570,Suite 42
378,Leesa,935-473-3480,Apt 835
379,Lucais,986-275-6682,PO Box 75006
380,Pippo,124-229-6450,19th Floor
381,Cherlyn,304-301-6602,Suite 67
382,Brewer,226-218-7756,16th Floor
383,Olag,188-721-4616,Room 161
384,Wiatt,683-695-0663,Suite 6
385,Fredelia,196-361-2391,Room 1449
386,Demetris,413-125-0061,Apt 1
387,Kathi,612-881-0675,Apt 901
388,Raquela,771-509-5341,Room 354
389,Jerrie,163-582-8025,Suite 37
390,Gardner,823-226-0051,PO Box 9335
391,Nicky,577-992-5701,Room 940
392,Joyous,368-808-6014,Apt 560
393,Gaye,140-399-3562,PO Box 31206
394,Daphne,720-351-3694,9th Floor
395,Krista,881-171-8307,Apt 507
396,Pavel,219-678-0059,11th Floor
397,Lola,807-935-2048,PO Box 67036
398,Morty,593-770-3539,Suite 31
399,Pauline,365-955-1206,6th Floor
400,Nils,932-224-6290,PO Box 95526
401,Margot,762-986-0349,PO Box 13196
402,Constantine,314-726-6617,10th Floor
403,Wanda,958-561-2331,Suite 65
404,Hieronymus,417-845-2332,Apt 1421
405,Gerrard,278-714-1400,12th Floor
406,Matilda,221-922-5848,Room 1340
407,Cheri,450-602-2576,10th Floor
408,Val,812-491-8328,Room 1499
409,Evvy,200-634-5595,Apt 1699
410,Lizzy,968-958-9830,Room 625
411,Cameron,863-890-1206,Room 1567
412,Rabi,573-157-9104,16th Floor
413,Tomaso,186-472-4998,PO Box 43558
414,Emmeline,641-653-8001,3rd Floor
415,Nick,736-678-7278,PO Box 68469
416,Aubrey,230-907-2757,Room 1995
417,Sylvester,998-125-9939,PO Box 51247
418,Terza,679-511-4107,Room 311
419,Bobby,658-828-3982,Suite 15
420,Rachael,858-591-0860,19th Floor
421,Peggie,912-130-8093,PO Box 45208
422,Courtney,260-267-7035,4th Floor
423,Ede,347-312-0236,Suite 83
424,Leslie,658-428-6478,PO Box 62964
425,Hamlen,621-300-1090,7th Floor
426,Noelyn,162-337-9253,Suite 46
427,Caspar,267-179-6055,Apt 755
428,Tyrus,790-524-5545,PO Box 83080
429,Goddart,865-641-0452,Apt 1941
430,Andonis,358-982-8665,19th Floor
431,Naomi,731-736-1894,Suite 17
432,Emery,953-719-3128,PO Box 96787
433,Marice,875-401-5899,2nd Floor
434,Tibold,581-258-9465,Apt 299
435,Erich,620-689-2143,4th Floor
436,Dynah,674-107-3826,13th Floor
437,Anthiathia,444-606-8925,Room 962
438,Teri,533-675-2242,5th Floor
439,Wally,402-701-3270,Suite 99
440,Ferdinand,194-608-2839,PO Box 15323
441,Alisander,266-756-2398,Room 1461
442,Alyse,176-818-1282,Room 1754
443,Deana,551-884-5166,Suite 90
444,Eyde,890-573-2057,Suite 11
445,Chevalier,865-509-0479,Room 505
446,Janis,285-962-3392,PO Box 34185
447,Sutton,243-929-9715,Room 1371
448,Ansel,505-126-7480,Suite 3
449,Gamaliel,168-710-5278,PO Box 28862
450,Malia,673-357-1874,Apt 262
451,Tito,299-358-7672,Apt 1633
452,Darb,872-872-8893,PO Box 31267
453,Arly,436-514-4708,Apt 1192
454,Claudius,265-725-1909,Room 1683
455,Lanae,931-767-7915,Apt 1909
456,Bev,824-161-0244,18th Floor
457,Townie,184-209-4794,Apt 1523
458,Waylin,856-276-9763,7th Floor
459,Lucienne,980-375-2767,Suite 22
460,Karna,244-833-5855,Apt 477
461,Patty,121-346-6766,Room 7
462,Cordell,450-598-9180,Suite 24
463,Joleen,502-740-8265,4th Floor
464,De witt,688-129-0323,Suite 64
465,Stevy,881-251-4520,Suite 42
466,Alexi,202-953-5455,PO Box 15935
467,Clarabelle,285-276-8655,18th Floor
468,Aharon,588-831-6607,Room 1019
469,Anders,126-139-0133,PO Box 63167
470,Eddy,497-939-5420,Suite 39
471,Honoria,542-464-0081,Room 219
472,Liana,288-756-2124,9th Floor
473,Kimbell,959-771-4822,2nd Floor
474,Bren,304-818-4801,Suite 10
475,Geri,761-424-4181,9th Floor
476,Aggi,837-365-8053,Apt 867
477,Anabal,458-581-9426,Apt 725
478,Akim,192-189-9698,7th Floor
479,Klara,699-883-5198,Room 1373
480,Yasmeen,212-819-9881,PO Box 21345
481,Perrine,577-981-1986,Suite 52
482,Julienne,194-667-8348,Apt 1827
483,Shana,227-979-7976,PO Box 44430
484,Stavro,774-831-0256,10th Floor
485,Rois,961-499-1354,Room 1038
486,Thom,886-225-8488,18th Floor
487,Nikki,515-435-3527,Apt 43
488,Judye,651-212-5228,Room 743
489,Gibbie,856-919-6691,Apt 600
490,Isador,235-231-0624,Apt 1930
491,Catharina,900-382-2794,Suite 26
492,Moria,306-635-6519,Room 923
493,Nelle,223-171-6688,Suite 48
494,Catrina,454-615-5594,Apt 1090
495,Helen,197-379-2765,Suite 89
496,Neila,678-754-6188,19th Floor
497,Theobald,225-611-9562,13th Floor
498,Terrijo,967-144-2299,Suite 92
499,Ilaire,576-722-6533,7th Floor
500,Glennie,894-227-7344,19th Floor
501,Karina,264-396-0240,Apt 1668
502,Evey,534-439-9869,15th Floor
503,Kaela,914-208-0388,Room 1169
504,Francene,965-896-7453,Room 1268
505,Suzann,380-261-9280,Suite 8
506,Mignon,604-989-4227,Room 296
507,Letizia,795-800-1513,Suite 2
508,Jacqui,550-611-5615,PO Box 23649
509,Von,898-440-1353,Suite 28
510,Gusti,836-957-7682,Apt 1512
511,Claude,703-652-5806,Apt 99
512,Anabal,501-541-8021,PO Box 43867
513,Nehemiah,770-268-5804,Room 1001
514,Yettie,101-271-0686,PO Box 50017
515,Larissa,793-718-8135,Room 1664
516,Ephrem,618-380-6520,PO Box 26420
517,Hobart,895-704-4112,18th Floor
518,Lori,686-366-9525,12th Floor
519,Zak,194-237-2097,Room 1851
520,Wendie,938-422-9897,Apt 1853
521,Pavlov,734-404-0157,18th Floor
522,Fianna,443-742-6754,PO Box 7772
523,Sheppard,112-141-2474,Suite 89
524,Mannie,270-817-7539,Room 84
525,Loren,158-835-5133,PO Box 7144
526,Lelah,826-833-6118,Apt 246
527,Franciska,561-457-6200,PO Box 46800
528,Darryl,392-558-9322,15th Floor
529,Laverna,949-633-9696,Suite 47
530,Dorothee,162-249-4670,Apt 876
531,Annadiana,224-209-0902,PO Box 12050
532,Alberta,971-536-4222,PO Box 19537
533,Land,559-168-7740,Room 1953
534,Sol,350-378-1830,Suite 89
535,Cleve,238-214-9470,18th Floor
536,Jonah,922-731-9149,Room 1085
537,Liv,125-908-4237,Room 1612
538,Jabez,615-601-2797,Apt 977
539,Valentin,928-869-9049,12th Floor
540,Buddie,605-460-1389,8th Floor
541,Beverlee,561-650-8498,PO Box 32310
542,Cory,422-508-4806,PO Box 88957
543,Coletta,199-163-4008,Suite 46
544,Goddard,684-362-6175,5th Floor
545,Shane,502-117-9951,Suite 5
546,Curtis,271-851-3488,PO Box 24061
547,Milka,443-391-2572,Suite 36
548,Nomi,816-857-9071,Suite 65
549,Shell,791-562-8501,Apt 1484
550,Eziechiele,937-193-7163,Suite 5
551,Normie,762-207-0035,4th Floor
552,Ida,116-202-9357,Apt 1786
553,Marrilee,402-936-9156,PO Box 16984
554,Birgitta,568-848-1337,PO Box 1336
555,Eolanda,830-381-7603,Room 707
556,Julio,245-583-6072,Suite 60
557,Kevina,733-326-2190,Room 1587
558,Issie,391-650-4125,9th Floor
559,Deloria,755-756-0955,2nd Floor
560,Tine,904-738-3431,Suite 6
561,Gerardo,498-545-4462,Room 995
562,Esmeralda,103-449-6546,Suite 100
563,Ralina,727-643-3885,18th Floor
564,Caroljean,396-350-9157,12th Floor
565,Jerry,323-410-4066,PO Box 27034
566,Kelbee,575-266-9454,Apt 839
567,Addison,903-855-8044,Apt 95
568,Ola,902-236-1159,Apt 1150
569,Bronnie,276-744-8925,Suite 75
570,Sadye,910-270-9804,Apt 1889
571,Cymbre,454-588-8365,PO Box 66918
572,Sharia,419-369-5342,Suite 93
573,Esma,814-184-0246,Suite 96
574,Chanda,192-159-3353,PO Box 42527
575,Dori,229-549-4841,Apt 993
576,Mervin,531-436-0540,Suite 41
577,Hailey,617-803-7957,14th Floor
578,Marcellus,202-742-3257,Apt 401
579,Dredi,510-813-3739,Apt 1300
580,Maddy,114-751-3645,PO Box 158
581,Rea,779-827-2506,Room 447
582,Lorrin,769-743-2956,20th Floor
583,Manny,879-461-8520,Apt 1600
584,Kirby,306-564-4537,Apt 335
585,Iggy,368-705-7347,Suite 35
586,Hewe,559-618-1377,15th Floor
587,Meredith,598-380-1889,Suite 63
588,Lindsy,194-916-0453,7th Floor
589,Romola,944-643-4210,Room 1700
590,Angelica,853-517-6996,Suite 13
591,Johannah,571-385-3231,PO Box 62517
592,Krispin,117-138-9984,Apt 562
593,Reggie,214-126-0390,Apt 1434
594,Dottie,977-118-1176,PO Box 82343
595,Ferdinanda,451-834-2763,Apt 1078
596,Krystyna,347-888-4854,PO Box 30613
597,Ronnica,619-132-9928,Suite 58
598,Aile,385-115-3334,Room 1644
599,Kent,476-486-4007,Apt 1199
600,Sven,578-440-1954,PO Box 74482
601,Rad,370-938-7389,Room 1323
602,Cami,703-890-0151,PO Box 57845
603,Dyan,227-942-2243,PO Box 39408
604,Willem,885-440-0607,Apt 181
605,Murry,606-722-4805,Apt 692
606,Malcolm,623-239-8268,Room 731
607,Ari,778-112-0841,PO Box 87441
608,Sib,412-762-2496,Room 1751
609,Seward,946-393-2610,1st Floor
610,Udale,859-791-3210,4th Floor
611,Teddi,266-842-0980,Suite 76
612,Creigh,904-252-2290,PO Box 51611
613,Megan,511-683-0059,Suite 55
614,Bary,383-121-7952,Suite 9
615,Lelah,222-779-5947,Apt 755
616,Dorolice,915-181-0822,Room 242
617,Jilli,376-978-2540,Suite 70
618,Delcina,823-570-5777,Room 1694
619,Jacquenetta,637-700-4543,Suite 43
620,Chickie,561-679-3766,Suite 44
621,Sadella,607-462-9405,11th Floor
622,Clarance,422-765-7089,13th Floor
623,Valaree,580-544-8823,Suite 35
624,Giovanna,520-936-6363,PO Box 35222
625,Ursa,190-960-4255,Room 130
626,Kessia,227-867-9878,Room 1432
627,Doll,895-141-5186,PO Box 93450
628,Modestia,634-474-5103,Apt 1671
629,Pen,143-458-0077,11th Floor
630,Emerson,740-449-3980,4th Floor
631,Trumann,235-423-3307,Suite 41
632,Elnore,642-329-4432,PO Box 12688
633,Phebe,479-912-6950,15th Floor
634,Kissie,213-164-8770,Apt 954
635,Talbot,168-128-6867,Apt 1111
636,Doti,453-422-3834,PO Box 11227
637,Bayard,163-382-3349,Suite 82
638,Herman,659-782-1132,PO Box 1372
639,Dyan,753-486-5554,4th Floor
640,Davine,683-520-2329,Apt 171
641,Stormie,504-390-4720,Apt 1334
642,Janice,120-301-0447,13th Floor
643,Clair,252-284-6692,Apt 58
644,Farica,537-359-3361,PO Box 63660
645,Rick,628-697-8864,Room 1908
646,Hansiain,422-620-8311,Suite 27
647,Drona,504-223-1109,3rd Floor
648,Izak,914-299-7128,6th Floor
649,Chiarra,622-474-6213,9th Floor
650,Joyce,500-679-9444,13th Floor
651,Jorrie,247-288-7549,PO Box 32784
652,Romeo,329-668-3952,Apt 1727
653,Sheree,309-496-0022,Room 1829
654,Benji,695-324-2076,PO Box 3958
655,Loren,506-853-4731,Room 811
656,Baron,964-240-5171,Room 472
657,Brandise,940-596-5871,3rd Floor
658,Floria,635-852-6604,PO Box 69973
659,Sheilakathryn,510-381-5387,Room 628
660,Claudia,378-525-8315,1st Floor
661,Damien,804-126-0811,9th Floor
662,Ferd,788-707-1628,PO Box 86446
663,Craig,918-284-6338,Room 88
664,Brandi,674-379-9467,Apt 290
665,Franklin,559-327-1475,Suite 26
666,Marcie,317-680-4962,PO Box 65085
667,Adamo,483-845-2843,Room 1631
668,Drud,892-724-9711,Suite 25
669,Linell,932-335-1104,Suite 14
670,Atalanta,671-326-0943,PO Box 10896
671,Serene,736-289-6161,Suite 85
672,Lou,216-395-6878,16th Floor
673,Adina,546-596-7436,PO Box 93182
674,Giffie,622-823-8763,Room 1755
675,Bari,364-654-1538,Apt 941
676,Damien,588-293-7923,Room 776
677,Jens,518-784-3837,Apt 1338
678,Aleda,811-772-0302,Room 231
679,Malcolm,317-640-3151,Suite 30
680,Estel,863-602-7820,Room 1102
681,Chester,833-887-9144,12th Floor
682,Eugenia,782-843-1807,Apt 1938
683,Harriett,480-921-5602,Apt 791
684,Cayla,927-947-4794,Room 1023
685,Natalina,918-189-2537,Apt 518
686,Balduin,519-742-3894,Suite 4
687,Pavel,759-485-1621,Apt 1519
688,Marjorie,164-793-4470,Room 192
689,Glenine,895-634-3405,Room 1034
690,Rorke,856-977-4073,Room 1110
691,Reggy,393-460-8351,Apt 1107
692,Maryanne,839-225-0311,PO Box 24709
693,Birgitta,274-552-8620,18th Floor
694,Grace,561-728-4076,Apt 1089
695,Vito,209-928-1097,PO Box 61919
696,Valaree,956-788-0192,7th Floor
697,Merrily,130-175-5916,Apt 1745
698,Ann-marie,201-500-1646,3rd Floor
699,Georgeanne,964-245-1039,Room 7
700,Aidan,755-770-3529,Room 1792
701,Rafaelita,873-950-8500,11th Floor
702,Rozelle,936-526-2585,2nd Floor
703,Lionello,165-216-8059,9th Floor
704,Donovan,530-269-6567,PO Box 43606
705,Brock,446-689-4985,17th Floor
706,Elmer,252-980-8353,PO Box 90163
707,Ashien,926-574-2771,Room 228
708,Ealasaid,438-794-5523,11th Floor
709,Marcella,260-668-9515,PO Box 20725
710,Denna,133-559-8431,Suite 2
711,Gaylor,667-541-2026,Apt 66
712,Rebeka,216-694-2491,Suite 94
713,Ingrim,921-530-2964,Suite 70
714,Adah,912-939-4503,Room 309
715,Dallas,604-493-6506,PO Box 87271
716,Stevena,172-629-3309,Suite 33
717,Adey,989-895-5558,Apt 826
718,Stearne,627-549-7629,Apt 1907
719,Pattie,756-786-1349,Apt 1210
720,Bronson,313-520-1370,Room 1458
721,Phillip,845-323-5910,Suite 3
722,Bail,613-936-1683,PO Box 64324
723,Tony,471-877-3270,Suite 38
724,Lorne,501-453-5346,PO Box 31414
725,Clay,192-892-7923,PO Box 74492
726,Florrie,186-631-1868,Apt 782
727,Trumann,326-684-0102,Room 600
728,Zedekiah,327-195-7076,PO Box 39545
729,Cristionna,670-333-5883,Room 160
730,Jerrilyn,209-315-9195,PO Box 16133
731,Ellene,473-759-4810,7th Floor
732,Batholomew,575-871-9384,9th Floor
733,Melinde,864-613-9843,Apt 213
734,Zarla,503-792-7057,Apt 1315
735,Merrilee,863-384-4606,Apt 348
736,Webb,230-998-8098,Apt 933
737,Colet,438-496-0021,PO Box 45793
738,Corbie,544-890-1222,17th Floor
739,Arlana,210-591-4527,PO Box 91203
740,Jarrad,494-505-8161,Suite 65
741,Borg,311-251-5087,Apt 1041
742,Harlen,625-298-5212,Apt 47
743,Donelle,902-131-8598,Room 1459
744,Bess,637-411-2398,5th Floor
745,Diahann,450-897-0837,8th Floor
746,Christean,638-446-4907,2nd Floor
747,Angelika,871-923-5561,Suite 73
748,Caitlin,889-442-4438,4th Floor
749,Jacques,344-346-3096,Apt 188
750,Lanni,286-547-2865,20th Floor
751,Cecilio,829-647-8958,8th Floor
752,Karry,653-178-3208,Apt 224
753,Moll,170-142-9691,PO Box 89118
754,Brantley,597-153-1298,Apt 918
755,Berk,231-242-8176,6th Floor
756,Francoise,758-513-9683,5th Floor
757,Benoit,744-191-5494,PO Box 70346
758,Kamila,704-238-3161,Apt 691
759,Broderick,489-678-8176,PO Box 73330
760,Barnabe,909-196-9282,Suite 77
761,Filmore,873-443-6653,PO Box 28858
762,Stanleigh,770-831-6157,PO Box 67216
763,Lion,512-639-4829,PO Box 24610
764,Mitchael,344-163-4149,Apt 1714
765,Burl,427-968-4690,15th Floor
766,Humfrid,534-216-5281,PO Box 80535
767,Rachele,597-153-7148,Suite 97
768,Willyt,671-352-1763,Room 981
769,Annelise,416-803-9017,18th Floor
770,Kerry,670-737-6150,Suite 17
771,Inessa,374-556-6803,15th Floor
772,Myranda,787-338-1193,PO Box 97611
773,Melodie,250-711-3452,5th Floor
774,Barron,155-874-7663,Suite 87
775,Laurella,437-609-9734,Room 8
776,Hugo,214-901-6068,Suite 3
777,Gilles,747-520-7259,14th Floor
778,Jewelle,352-622-7976,Room 389
779,Hussein,444-631-6878,Room 587
780,Hersh,914-676-6322,Room 376
781,Bendick,603-773-6539,2nd Floor
782,Kirstyn,632-282-3552,Room 637
783,Ulric,582-317-1849,Room 1923
784,Kamillah,766-205-3612,Suite 92
785,Lawton,302-776-2952,Apt 1143
786,Blinnie,963-426-7919,Apt 1743
787,Joshia,636-232-9326,5th Floor
788,Vilma,380-453-7579,3rd Floor
789,Osgood,958-556-8673,Suite 67
790,Isidor,660-310-7825,PO Box 17640
791,Leo,566-762-8070,Suite 14
792,Olga,952-645-9711,Apt 1627
793,Bernardina,896-703-0576,Room 1165
794,Robinetta,322-803-7359,PO Box 19322
795,Dione,534-317-7972,PO Box 14998
796,Kristoffer,307-385-9769,12th Floor
797,Barbaraanne,519-952-0144,Apt 166
798,Virginie,127-685-1038,Suite 92
799,Barnard,339-999-8388,Suite 69
800,Guenna,323-374-6844,Apt 1660
801,Torrence,307-282-4792,Suite 95
802,Lindon,889-345-7079,PO Box 37146
803,Jock,922-647-0164,Suite 90
804,Costa,765-605-6433,Apt 1273
805,Nedi,675-106-6106,Suite 50
806,Cordelie,122-127-5278,Suite 76
807,Tatiana,445-155-2019,Room 1748
808,Joscelin,570-659-2705,Apt 1498
809,Latrena,679-405-4453,PO Box 91574
810,Florrie,988-233-5130,Apt 827
811,Tarra,458-262-0873,Suite 27
812,Gladys,371-819-6967,5th Floor
813,Maddy,616-679-2059,PO Box 31025
814,Nikola,607-879-6303,PO Box 52375
815,Hamlin,728-928-1802,PO Box 46990
816,Fidole,115-813-0314,15th Floor
817,Kennett,783-345-0316,PO Box 87704
818,Antons,122-819-5575,PO Box 14224
819,Lorrayne,735-542-2027,Apt 1570
820,Kirsti,448-485-0549,Room 566
821,Corey,763-468-7176,PO Box 66172
822,Chrotoem,881-501-1112,PO Box 22615
823,Colly,957-583-5479,9th Floor
824,Eugenie,870-395-8010,8th Floor
825,Trudi,617-317-5340,Room 618
826,Ad,528-645-1801,PO Box 11452
827,Latashia,588-330-5424,Apt 1283
828,Pedro,788-684-3968,Apt 232
829,Alric,832-400-5322,PO Box 90585
830,Peri,631-551-9526,10th Floor
831,Arne,216-862-6487,Apt 452
832,Claudetta,851-123-5875,Apt 1214
833,Sheryl,475-279-9972,Suite 74
834,Barnebas,698-618-7355,18th Floor
835,Courtnay,987-129-5466,Apt 1857
836,Leelah,344-565-5293,Room 760
837,Rainer,775-416-0794,Apt 196
838,Brantley,108-322-7521,PO Box 75280
839,Filmore,776-296-2574,PO Box 8460
840,Beitris,783-549-9827,Apt 1220
841,Davidson,184-618-8669,Apt 473
842,Aviva,533-960-9613,Suite 100
843,Nerty,889-870-4453,Suite 39
844,Valina,784-146-3027,Room 1315
845,Tisha,366-234-8901,4th Floor
846,Janka,663-613-1855,Apt 1167
847,Elvyn,610-142-4145,Room 539
848,Fionna,773-747-6918,PO Box 87264
849,Durward,236-174-0503,Room 138
850,Dyanna,733-779-2545,Apt 106
851,Saw,989-849-6346,Apt 1097
852,Glynn,664-552-0251,18th Floor
853,Chryste,466-623-0298,Apt 1510
854,Jacquelin,238-364-9589,Suite 87
855,Dorthea,799-509-8786,PO Box 26942
856,Nikolaos,125-291-4286,PO Box 72676
857,Galvin,979-301-7625,14th Floor
858,Jewelle,510-526-0904,Room 1354
859,Carolyne,317-430-3798,PO Box 51532
860,Maurise,400-236-0013,Apt 1261
861,Theodor,169-998-2185,Apt 952
862,Rock,801-733-7257,3rd Floor
863,Dasi,729-190-1739,Apt 903
864,Devinne,275-815-6213,Apt 1760
865,Lorri,125-687-2230,Room 64
866,Aksel,249-540-1801,Room 1200
867,Pavia,194-860-1515,Suite 4
868,Kathlin,170-106-3154,8th Floor
869,Jasmin,743-195-6468,Room 1027
870,Gardy,313-399-5036,PO Box 22107
871,Cassy,717-405-1706,15th Floor
872,Alonso,966-983-6738,Apt 836
873,Eduino,362-677-0922,PO Box 77384
874,Marilee,837-378-5027,Room 568
875,Fairleigh,353-564-5747,6th Floor
876,Delbert,424-514-0034,Room 1323
877,Bucky,315-531-1705,20th Floor
878,Gaelan,750-481-1614,Room 1554
879,Nada,619-884-0486,Room 319
880,Tulley,366-992-0640,Room 961
881,Isadora,466-772-8155,Apt 519
882,Andros,285-240-0174,Suite 16
883,Ardra,344-955-0674,PO Box 12946
884,Philip,602-617-9443,4th Floor
885,Salvidor,928-338-3871,Room 1371
886,Corrie,326-627-3332,PO Box 64299
887,Dale,537-908-3487,Room 979
888,Lamond,292-250-7336,Suite 22
889,Corene,803-840-6602,Suite 71
890,Albert,122-106-5686,5th Floor
891,Veronika,414-642-8550,Apt 9
892,Germayne,813-953-7483,8th Floor
893,Carmel,134-515-5834,PO Box 27032
894,Leisha,386-167-2595,Room 232
895,Kirbee,969-143-8775,18th Floor
896,Constantia,283-881-2607,Room 1454
897,Sindee,545-213-7486,Room 1086
898,Gerianna,869-333-5427,PO Box 11247
899,Kipp,133-135-2818,Suite 80
900,Corri,522-770-3778,Apt 1576
901,Vickie,358-256-0117,Suite 5
902,Tricia,614-495-6043,Suite 65
903,Alyce,341-665-7266,Apt 1499
904,Auguste,974-893-7691,PO Box 28745
905,Darb,960-242-0706,Suite 99
906,Rheta,720-560-7877,11th Floor
907,Pincus,433-713-6430,Suite 63
908,Marci,485-886-0887,Room 969
909,Arch,867-972-7839,PO Box 59118
910,Marika,274-842-1685,Room 1429
911,Tiler,397-785-9086,Suite 81
912,Jemmie,180-212-5894,PO Box 72428
913,Cristobal,927-375-4614,PO Box 33839
914,Hillier,773-168-7498,PO Box 40215
915,Flin,334-237-8894,Suite 94
916,Dorothee,949-419-1720,Suite 50
917,Nadya,777-662-0617,Suite 74
918,Ned,715-116-3549,Room 1522
919,Ali,979-148-8070,Apt 1331
920,Lydie,674-168-8788,Room 1600
921,Cleve,490-400-2951,PO Box 26469
922,Ashien,758-271-1991,Suite 54
923,Hobey,379-657-9449,PO Box 29731
924,Jeanette,959-574-0334,Room 466
925,Teodoor,386-421-6707,PO Box 78764
926,Romy,410-985-5774,Apt 1300
927,Dean,297-322-8474,Suite 100
928,Maren,395-713-3859,Suite 30
929,Nettie,765-725-8085,PO Box 62645
930,Cory,919-232-4638,15th Floor
931,Candie,814-692-1982,PO Box 63657
932,Thebault,113-168-8326,PO Box 89552
933,Vinnie,510-814-8860,PO Box 9407
934,Todd,125-220-4592,PO Box 66799
935,Guy,453-982-7271,Room 993
936,Olivier,536-265-7250,15th Floor
937,Jacky,614-178-3058,PO Box 30744
938,Jany,411-835-2851,PO Box 31463
939,Octavia,185-439-2696,Suite 63
940,Richy,792-687-5381,Suite 98
941,Dasya,849-746-7112,Suite 99
942,Aluin,611-983-5963,18th Floor
943,Blair,438-346-2655,PO Box 83864
944,Anatola,259-434-1968,Room 92
945,Frasquito,493-620-8531,Suite 24
946,Cobbie,366-641-9269,Apt 1042
947,Jamie,245-805-6989,Apt 1261
948,Fabio,877-832-8740,PO Box 13384
949,Meridith,408-307-4443,PO Box 73165
950,Tarrance,844-241-0708,Room 920
951,Kathe,471-659-5332,PO Box 47924
952,Jobi,334-187-4959,Apt 1500
953,Linnell,322-352-0251,PO Box 12572
954,Marlon,281-450-6817,PO Box 40414
955,Genevieve,302-725-1009,3rd Floor
956,Gisele,968-233-4225,13th Floor
957,Tim,955-424-5594,PO Box 726
958,Fan,354-906-3647,Suite 19
959,Tamqrah,858-315-5339,Suite 30
960,Brandie,773-728-9481,Room 1943
961,Grissel,887-945-7171,Suite 44
962,Cris,419-248-8537,Room 371
963,Anya,339-380-0848,6th Floor
964,Gianina,918-403-1736,5th Floor
965,Dion,496-621-4341,PO Box 53154
966,Vidovik,922-868-5749,Suite 73
967,Emmalynne,161-620-9887,Apt 1768
968,Bondy,582-193-8336,19th Floor
969,Ruthe,293-858-1990,9th Floor
970,Forrest,394-165-9617,Room 1970
971,Anson,356-676-1611,6th Floor
972,Jessee,356-717-8978,PO Box 59742
973,Artur,856-500-3748,Apt 125
974,Jemmy,656-473-5108,Apt 1939
975,Robers,391-177-2171,Suite 82
976,Cazzie,620-638-1558,Suite 57
977,Beatrix,196-740-3879,PO Box 21185
978,Liam,727-577-1465,7th Floor
979,Candice,576-246-9219,Suite 79
980,Tammy,315-697-9164,PO Box 70737
981,Sol,216-666-7038,Apt 144
982,Malinde,207-439-7883,Room 1517
983,Daniel,312-757-2315,Apt 1188
984,Shirleen,845-419-5293,PO Box 34583
985,Imelda,764-702-4563,Suite 51
986,Kiley,196-745-3425,PO Box 73878
987,Wes,320-220-2489,Room 852
988,Veronica,998-618-4993,Suite 60
989,Allene,666-899-2498,PO Box 55635
990,Bill,690-222-1795,Suite 36
991,Flem,418-491-4168,1st Floor
992,Rozamond,662-856-2207,PO Box 62975
993,Xerxes,975-725-9087,Apt 932
994,Katrine,257-503-3506,3rd Floor
995,Fonzie,810-274-1063,PO Box 77488
996,Berkie,422-708-3658,Room 732
997,Yvonne,113-618-5125,Suite 99
998,Mel,484-765-2278,Apt 422
999,Burl,371-712-1135,Room 741
1000,Jasmin,849-253-1314,Suite 93
